C:,Program Files,ASUS,ACOnePackageTemp,1_FrameworkServiceSetup.zip,.zip
C:,Program Files,ASUS,ACOnePackageTemp,2_MainSDK.zip,.zip
C:,Program Files,ASUS,ACOnePackageTemp,ACServiceVersionList.xml,.xml
C:,Program Files,ASUS,ACOnePackageTemp,ACSetup.zip,.zip
C:,Program Files,ASUS,ACOnePackageTemp,ACUtility.dll,.dll
C:,Program Files,ASUS,ACOnePackageTemp,ArmouryCrate.Diagnostics.exe,.exe
C:,Program Files,ASUS,ACOnePackageTemp,ArmouryCrate.LiteServicePackage.zip,.zip
C:,Program Files,ASUS,ACOnePackageTemp,ArmouryCrate.ServicePackage.zip,.zip
C:,Program Files,ASUS,ACOnePackageTemp,ArmouryCrate.Win32Manager.exe,.exe
C:,Program Files,ASUS,ACOnePackageTemp,ArmouryCrateControlInterface.exe,.exe
C:,Program Files,ASUS,ACOnePackageTemp,ArmouryCrateService.zip,.zip
C:,Program Files,ASUS,ACOnePackageTemp,ArmouryCrateServiceLite.zip,.zip
C:,Program Files,ASUS,ACOnePackageTemp,ASIO3.zip,.zip
C:,Program Files,ASUS,ACOnePackageTemp,AURA Service.zip,.zip
C:,Program Files,ASUS,ACOnePackageTemp,AuraLayerManager.zip,.zip
C:,Program Files,ASUS,ACOnePackageTemp,cpprest141_2_10.dll,.dll
C:,Program Files,ASUS,ACOnePackageTemp,Display_DLL.zip,.zip
C:,Program Files,ASUS,ACOnePackageTemp,ErrorReporter.zip,.zip
C:,Program Files,ASUS,ACOnePackageTemp,ExternalServiceVersionList.xml,.xml
C:,Program Files,ASUS,ACOnePackageTemp,GameSDKServicePackage.zip,.zip
C:,Program Files,ASUS,ACOnePackageTemp,MB_DLL.zip,.zip
C:,Program Files,ASUS,ACOnePackageTemp,PhoneDll.zip,.zip
C:,Program Files,ASUS,ACOnePackageTemp,ROG Live Service.zip,.zip
C:,Program Files,ASUS,ACOnePackageTemp,UnifyDGDll.zip,.zip
C:,Program Files,ASUS,ACOnePackageTemp,VGA_DLL.zip,.zip
C:,Program Files,ASUS,ARMOURY CRATE Audio SDK,A110402.dll,.dll
C:,Program Files,ASUS,ARMOURY CRATE Audio SDK,A110402_gna.dll,.dll
C:,Program Files,ASUS,ARMOURY CRATE Audio SDK,A120002.dll,.dll
C:,Program Files,ASUS,ARMOURY CRATE Audio SDK,A120002_gna.dll,.dll
C:,Program Files,ASUS,ARMOURY CRATE Audio SDK,dnnl.dll,.dll
C:,Program Files,ASUS,ARMOURY CRATE Audio SDK,gna.dll,.dll
C:,Program Files,ASUS,ARMOURY CRATE Audio SDK,gna2_runner.dll,.dll
C:,Program Files,ASUS,ARMOURY CRATE Audio SDK,libmmd.dll,.dll
C:,Program Files,ASUS,ARMOURY CRATE Audio SDK,svml_dispmd.dll,.dll
C:,Program Files,ASUS,ASUS Hotplug Controller,AsHotplugCtrl.exe,.exe
C:,Program Files,ASUS,ASUS Hotplug Controller,Setup_tool.exe,.exe
